text,source,region,label_source,confidence,match_score
"Chị ở mô Nghệ An rứa ạ. Em sv năm 2 rồi nhưng vẫn chưa đổi đc giọng 😢, nghe giọng em nó cứ bị hụt ơi ấy ạ. Còn dấu thì hầu như ngọng hết 😭",youtube:hVHRJ2cbd2w,central,lexicon,medium,2
hữu ích quá đi tui cũg thích nói giọng bắc nữa :) mà tui ở miền nam :),youtube:r9CijEqb5NQ,southern,lexicon,medium,2
Giọng ae đắc lắc ms khó nè mày... mày ns đk k mày..ồ...giọng ae đắc lắc tau ms khó nè...giọng này liện mày luôn...mà khó nè... Ai bảo khó hộ tui...tui dân 37 nhé😂 Đăk lăk àh...tuổi😊,youtube:jxaVRmwLjPI,southern,lexicon,medium,5
"Bài viết hay! Anh khánh có thể dành ít time đọc xem! --- Tản mạn câu chuyện muôn thởu! ""GỐC"" Hà Nội! ----- Bọn cháu sinh ra ở thế hệ trẻ 8x,9x nên cũng k dám bàn, hay bình luận gì về những thứ mà các cô, các bác ở thế hệ trước đã đưa ra ở các bài viết trước, cộng lý luận như nào là ""Người Hà Nội"" ạ. Cháu chỉ muốn liệt kê lại các nguồn tài liệu chút thôi ạ! Theo như cháu biết thì theo như sách vở quy ước lại thì ở miền Bắc khi xưa các làng, xã quy định ""Cứ gia đình nào sinh sống 3 thế hệ ở đâu thì là người Gốc ở làng đó"" Suy lại cho cùng câu này cũng có cái đúng, mình có thể tạm coi đây là ""điều kiện tối thiểu là 3 đời đi ạ"". Quay lại thời gian một chút, trước khi TD Pháp xâm chiếm nước ta thì Hà Nội lúc này cũng chỉ là một tỉnh miền bắc trải dài từ ""Hà Nội đến tận Hà Nam"" như bao như tỉnh thành khác. Vì lúc này ""Thủ Đô"" nằm tại Huế!?? Cái ""Tinh hoa, Thanh Lịch"" của Người Hà Nội mà chúng ta thấy, mà tôn thờ nó đến tận ngày nay đa phần được sinh ra bởi các thế hệ quan chức, tư sản, công chức, quan tây,... trong thời kỳ Pháp chiếm đóng! (Tạm coi là Đông Tây kết hợp) thực ra đó cũng là điều hiển nhiên thôi, làm việc, giao tiếp với Tây mà, có ăn có học nên phải giữ ý giữ tứ, đài các, kiểu cách thì cũng là điều đương nhiên! Cháu cũng hưởng ứng với việc này, để những ai cảm thấy tự hào và mừng vui khi được “thơm lây” vì cái chữ “hà nội thanh lịch” vì gia đình cháu đã ở đây ""Lâu đời"" dù bản thân chủ thể chưa chắc đã “thanh lịch”. Vì vẫn ăn nói bô bô, thi thoảng vẫn vượt đèn đỏ, gặp thằng nào đi đường ngông nghênh là lại ""Tổ sư bố thằng Nhà Quê đi thế à""!??? 😅 Tuy nhiên: đã ai đặt thêm câu hỏi xa hơn, Liệu cái Hà Nội Gốc này, nếu tính từ trước thế kỷ 20 (1900), thì liệu có thanh lịch văn minh không nhỉ?? 🤔 Theo sử sách Pháp ghi lại, từ Tk18 trở về trước, ngay cả người Hanoi còn chưa biết dùng “toilet”, đều là “thanh niên cầu tõm”. Ăn thịt bốc tay, bôi rất bẩn theo văn hoá của tôi. Theo nhiều tài liệu đúc kết nghiên cứu, cái gọi là Hanoi thanh lịch, chẳng qua do có 1 thời kỳ từ đầu Tk20 đến trước 1954 — do ảnh huởng văn minh của thực dân Pháp mà thôi. Còn bản chất, người dân Annamese mà ít học thì vẫn rất thô thiển. Người Kinh Kỳ, Tràng An thanh lịch xưa kia (trước thời Pháp) vốn là các anh nho anh đồ ở “Nhà Quê” lên kinh thi đỗ đạt, ở lại, và định hình văn hoá, kiểu cách thôi. Còn ""Gốc"" thời đó, lại chính là các anh trai làng ở các làng chài đánh cá ven sông tô lịch 😂 (Cái này nhà văn Tô Hoài đã nhắc đến) Còn nếu tính dân 36 phố phường, 1 phần lớn, là dân Kẻ Chợ “buôn thúng bán bưng”, “chặt thịt gà múc nước phở”, ""bán rong"" hàng quán quanh phố phường....nhập cư từ các tỉnh lên làm làng nghề (ngay cả thời pháp thuộc). Suy cho cùng, ấy là cái văn hoá và giáo dục. Thời nào, người nào, mà được tiếp cận văn hoá giáo dục cao, thì hành xử nó văn minh. Mà Hanoi 1900-1954, từng được may mắn có nhiều người được như vậy, học của Pháp. Con nhà giầu, bố mẹ (cậu mợ) khắt khe, lại học Thầy Tây, nhà nào giầu có còn được du học bên nước ngoài, nên bắt buộc phải kiểu cách thanh lịch. Thời nay thì giáo dục nó là phổ cập toàn dân thì nó mới như thế?? Có câu chuyện như này, Cháu có một người Thầy dậy vẽ trước kia học Mỹ Thuật Đông Dương, thầy kể trưa thì nóng lắm, trong phòng vẽ mà, mầu mè thì vấy bẩn tay, mồ hôi mướt sũng người, nhưng đi học trường Tây mà nên vẫn bắt buộc vẫn phải sơ mi, cắm thùng quần tây!!!??? Họa sỹ thời nay thì khác, còn có cả ""Mốt"" vẽ kiểu ""Không mặc gì"" mới vẽ được??? 😅 Ngày nay, sinh viên đi học mặc Quần Đùi, Váy ngắn??? Lạ Đời!!! Quay trở lại câu chuyện ""Gốc"": Theo cháu nhận thấy cái này còn tùy thuộc theo từng khu vực nữa, nếu các bạn sinh ra và lớn ở trên ""Phố Cổ"" hay ""Phố Tây""; ""Phố Cũ"" gọi nôm na là nằm trong 5 cửa ô hắt vào thì công nhận những gia đình sinh sống ờ đó từ 3-5 đời (70-100 năm) thì cũng là bình thường chả gốc lắm. Vì là phố cũ mà, đấy là điều hiển nhiên, nhiều nhà ở đây họ sinh sống từ thời pháp, có thể họ còn lên kinh thành Thăng Long từ vua chúa!!! Nhưng chính ra thì ""đại ca phố cổ"" cũng chả ăn thua lắm nếu đòi so sánh ""tuổi đời"" với những làng cổ ven đô khi xưa, ví dụ như mạn Bưởi, Đông Ngạc, Thanh Trì, Gia lâm,... ui giời ở đó có những dòng tộc gia phả đến tận 20-30 đời chứ lị 😅 5-6 đời ăn thua gì? Có khi quay lại thời gian trước nữa thì có khi ""Nguyên Quán"" lại là ở một tỉnh miền nào đó cách Hà nội thân yêu đến 200-300km thì sao ạ!!! Ngày xưa thời kỳ sau 54, sinh ra cái hộ tịch, cán bộ bảo kê khai nguyên quán, dân mình hiểu nôm na theo như các cụ mình thời đấy thì cứ kê khai theo kiểu ""cha sinh ra ở đâu thì quê con"" ở đó! Nên quê ""Hà nội"" thời đó cũng nhiều. Cộng thêm cái khoản sau năm 2008 3-4 triệu người Hà Nội gốc được thêm vào! Trước đây cháu có ngồi trà đá chém gió, có một bác trung niên trông ""Quân khu"" lắm ngồi chém ""tao là Gốc Hà Nội"" rồi lúc lôi CMT ra thì đúng là Gốc thật. Thường Trú: Phố Cổ, Gốc nguyên quán ""Từ Liêm""!!??? 😅 Nói vui vậy thôi, chứ chắc là nhà bác ý cũng ở phố được nhiều thế hệ r nên ng dân xung quanh đây biết đến bác ý khá nhiều. Phố mình hay gọi trêu nhau những gia đình nào ở phố lâu đời gọi là ""Thổ dân"" ở khu phố đó, nôm na là cái gì cũng biết! Lại nhắc tới từ ""Thổ Dân"" đồng thời quay lại câu chuyện ban đầu cháu nói đến là ""Gốc"" theo từng khu vực! Cháu có thằng bạn đại học nhà ở mạn Thanh Xuân, giáp sông Tô Lịch. Nó nhận nó là ""Gốc"" ""Thổ Dân"" ở đây, do bố mẹ nó nhà nó từ quê lên làm và được phân nhà ở mạn Cao Xà Lá, và ở đây từ những năm 1975, mà hồi đó ở đây chả có dân cư mấy, toàn ao chum, chão chuộc kêu ọp ọp cả ngày... Nhà nó gần như về đây đầu tiên, nó nhận nó là ""Gốc"" là ""Thổ Dân"" ở phố đó cũng đúng!??? 😀 Suy lại cho cùng ""Gốc"" nó không quan trọng! ""Gốc"" của người này, chưa chắc đã cùng quan điểm được coi là ""Gốc"" của người khác. Quan trọng là lối sống, văn hóa của mỗi con người. Bây giờ Hà Nội rộng lắm rồi ạ! Chúng ta nên tự hào về nơi sinh ra và lớn lên của mỗi người là được rồi ạ! 😍😍😍 Nguồn và bài viết st, biên soạn lại!",youtube:Z5xEhhwsTo0,northern,lexicon,medium,2
"Ở Thanh Hoá em cũng hay gọi bát to là bát ô tô, nhất là chỗ em. Cái gì gọi là cái chi, sao lại thế thì nói là răng lại dứa hoặc răng lại rứa, nem rán thì kêu là chả, chả là giò,... . Mỗi khác người Thanh Hoá bth là tụi mình nói giọng rất miền bắc nên khi lên Hà Nội học ĐH thì em cũng không hay bị trêu nói giọng địa phương, nhưng mấy anh chị khác thì hay bị.",youtube:LAXAIvkPRAw,central,lexicon,medium,3
tui nè,youtube:4hm1Gqk4Qpw,southern,lexicon,medium,2
Bây biết quãng ngãi tiếng khó nghe lắm Chào ❌️ trình Trình ông trình bà đi con rồi còn nữa nè @#%@!^#&@&@*#^!÷&##^^₫& cái gì tao nghe hổng hiểu 😅😅,youtube:cYGqQGqQFVc,southern,lexicon,medium,2
Tui trai miền tây mà tui mê gái giọng phú yên vãi 😗,youtube:cYGqQGqQFVc,southern,lexicon,medium,2
Phú yên nói chi rứa hè,youtube:cYGqQGqQFVc,central,lexicon,medium,2
"Phú Yên quê tui , tui hiểu được giọng bình định nha 😂",youtube:cYGqQGqQFVc,southern,lexicon,medium,2
Tui dân Phú Yên nè,youtube:cYGqQGqQFVc,southern,lexicon,medium,2
tui thanh hóa tui thấy giọng tui bìn thườn mà😂,youtube:cYGqQGqQFVc,southern,lexicon,medium,3
Cả họ hàng nhà tui và tui đều nói giọng quảng bình và quảng trị 😂😂😂😂😂😂,youtube:cYGqQGqQFVc,southern,lexicon,medium,2
Hiiiiitau cũng thanh hóa tê tề,youtube:u7L8CHGId0E,central,lexicon,medium,2
"Tui người miền Bắc nè,nghe vậy cũng tạm tạm",youtube:vuW2eSXEzPk,southern,lexicon,medium,2
"Ngày đó mà đăng kiểm như bây giờ thì mấy con ôtô vứt hết nhỉ. Không biết lúc đó mấy thằng đăng kiểm xe lúc đó làm cái gì nhỉ, hay xe cứ chạy được là được phép đi nhỉ?",youtube:gyLKiiQr0GY,northern,lexicon,medium,3
"Con người có thể sống trong nghèo nàn, thiếu thốn. Nhưng người ta không thể sống mà không nghĩ, không nói lên ý nghĩ của mình. Không có gì đau khổ hơn là buộc phải im lặng, không có sự đàn áp nào d/ã man hơn việc bắt người ta phải từ bỏ các tư tưởng của mình và ""nhai lại"" suy nghĩ của kẻ khác. Nền chuyên chính vô sản này làm tê liệt toàn bộ đời sống tinh thần của một dân tộc, làm tê liệt sự hoạt động tinh thần của nhiều thế hệ, làm nhiều thế hệ con người trở thành những con rối, những kẻ mù chỉ biết nhai như vẹt các nguyên lý bảo thủ giáo điều… Công dân của nhà nước cộ/ng sản luôn luôn sợ hãi, luôn luôn lo lắng không biết mình có làm gì sai để khỏi phải chứng minh rằng mình không phải là kẻ thù của chủ nghĩa xã hội. Cơ chế quyền lực cộ/g sả/n tạo ra những hình thức đàn áp tinh vi nhất và bóc lột dã man nhất. Cơ chế hiện nay đang tạo kẽ hở cho tham nhũng, vơ vét tiền của của Nhà nước. Nhưng cái mà chúng ta mất lớn nhất lại không phải là mất tiền, mất của, dù số tiền đó là hàng chục tỉ, hàng trăm tỉ. Cái lớn nhất bị mất, đó là suy đồi đạo đức. Chúng ta sống trong một xã hội mà chúng ta phải tự nói dối với nhau để sống…hic",youtube:gyLKiiQr0GY,central,lexicon,medium,2
"Ôi ! Lòng tê tái nhìn lại những thước phim trên nền nhạc xa thẳm , da diết ...Nghĩ lại một thời khó khăn , nghèo túng , ai cũng như ai ... Thế mà vẫn lạc quan nghĩ về ngày mai. Thế hệ chúng tôi đã đi qua chiến tranh , giải phóng miền Nam về tiếp tục học hành và nuôi con trong những ngày kham khổ .... Đã qua rồi mà lòng vẫn tái tê ...",youtube:gyLKiiQr0GY,central,lexicon,medium,2
"tôi ăn bị rơi cơm ra ngoài , mẹ tôi ko nói M ăn kiểu j vãi hết ra thế kia ? mẹ tôi nói : Mồm m mẻ à ? mẹ tôi ko nói : Sao cái j mà sao mẹ tôi nói : Sao trăng cái j gv tôi ko nói : Thế sao ko làm nốt câu này đi , tôi dạy r cơ mà gv tôi nói : Anh / Chị phần câu này cho tôi đấy à ?",youtube:CxbsQdEqN8g,northern,lexicon,medium,2
Khen Huế 😂😂😂 Tui ở Huế đây tui còn sợ. Nói như hát và chửi cũng hay như hát 😂😂😂,youtube:drpXKfVNjJA,southern,lexicon,medium,2
"Giọng nói là cách phát âm của cùng một từ theo chính tả, còn tiếng nói là dùng một từ khác biệt để mô tả cùng một sự việc, vì vậy chúng ta phải nhận rằng trong tiếng Việt có nhiều tiếng nói khác nhau, ví dụ tiếng Hà Nội “ vậy nhé “ khác với tiếng Huế “ rứa hỉ “, chứ không phải giọng khác nhau.",youtube:drpXKfVNjJA,central,lexicon,medium,2
"Đúng vậy! Trong 1 làng ở Nghệ An, xóm trên với xóm dưới phát âm khác nhau. Ví dụ: từ cục đá ( cục đớ), về ( vìa), nước ( nác), mách ( méc, trẻ), đầu gối ( trộc gụi), lè lưỡi ( lè lại), con gà ( còn ga), con trâu ( còn tru), mày làm gì ( mi mần chi rưa), ga này là ga nào vậy cô? ( Ga ni ga mô ri o?), ...",youtube:drpXKfVNjJA,central,lexicon,medium,5
"Dịch nôm na tiếng phổ thông nè, có vài chỗ ko nghe đc nhé:) Không hầm không hầm cái nước sôi cái thử xem, có đến nỗi đâu nào. Nước sôi ở trong xoong rồi, trong phích, mà hình như cũng có phích. Uống hết mẹ rồi, chưa sôi sao mà uống được. Tiết thì tiết ni ni(?)",youtube:xQtp4L9nw0o,central,lexicon,medium,2
"tui ng nghệ an mà có hiểu cái bà ni nói chị mô, ngọng ngọng a răng á",youtube:xQtp4L9nw0o,central,lexicon,medium,3
Tau ở nghệ An mà có nói được như rứa mô,youtube:xQtp4L9nw0o,central,lexicon,medium,2
mô dệ hiểu mà bạn khó cấy chi mô mồ,youtube:xQtp4L9nw0o,central,lexicon,medium,2
tui người nghệ an nek tui hiểu 😂,youtube:xQtp4L9nw0o,southern,lexicon,medium,2
"Cái chương trình gì mô mà tuần mô cũng phát sóng lúc 20 giờ trên VTV3 , VTV Go, hay cái chộ trên nền tảng truyền hình số Quốc Gia nạ từ thứ 2 đến thứ 6 1 tuần mà không trượt bữa mô.",youtube:MZcbSJ7OoUU,central,lexicon,medium,3
Cị chương trình chi mô mà tuần mô cũng phát sóng lúc 20h trên VTV3 với VTVgo ấy cự chộ mợ nền tảng truyền hình số quốc gia nớ từ thứ hai tới thứ sáu mội tuần mờ khôn trượt bựa mô,youtube:MZcbSJ7OoUU,central,lexicon,medium,4
"Cái chương trình mô mà tuần mô cũng mà phát sóng 20 giờ trên VTV3 , VTV Go, hay cái chộ trên nền tảng truyền hình Quốc Gia nạ từ thứ 2 đến thứ 6 mà không trượt bữa mô. 😅😂😂😂😂😂🎉🎉🎉🎉🎉🎉❤❤❤ Cô gái Nghệ An xinh tài năng năng động hí hỏm😅😅😅😂😂😂",youtube:MZcbSJ7OoUU,central,lexicon,medium,4
Tiếng nghệ an ta rất hay và phong phú. Chi ri mô hầy đi ra ngoài mà nghe được mấy câu ni thì chỉ có nghệ tịnh,youtube:MZcbSJ7OoUU,central,lexicon,medium,3
Giọng Huế hay mô mà hấn kiểu ni 😂❤,youtube:MZcbSJ7OoUU,central,lexicon,medium,2
🌸🌸🌸 Nghe tiếng ai quen giữa …dòng người xa lạ Một cái bắt tay nì …anh người mô đó Cái giọng quê ta đậm… đà sâu nặng Tiếng nói quê mình mộc … mạc mà thương Tiếng của quê hương về .. trong nỗi nhớ Đã gặp nhau rồi …rành dễ làm quen Đưa nhau tìm về hai chữ …đồng hương 2 Tiếng cha âm vang … gió Lào bỏng rát Tiếng mẹ à ơi …heo may rét ngọt Có tiếng sáo diều … miền quê êm ả Có khói lam chiều bờ tre mái rạ Gánh những tảo tần một nắng … hai … sương 3 Có tiếng quê hương … nặng nghĩa ân tình Tiếng nói quê …mình pha rừng trộn biển Giừ gặp nhau đây xôn xao tiếng …Nghệ Mời anh mời chị ơi bạn mình ơi Thêm yêu giọng Nghệ … đưa nhau tìm ớ về 4 Nghe tiếng ai quen giữa dòng .. người xa lạ Một cái bắt tay nì … em người mô đó Cái giọng quê ta đậm … đà sâu nặng Tiếng nói quê mình mộc mạc mà thương Tiếng của quê hương về trong nỗi nhớ Đã gặp nhau rồi rành dễ làm quen Đưa nhau tìm về hai chữ đồng hương Tiếng cha âm vang gió Lào bỏng rát Tiếng mẹ à ơi heo may rét ngọt Có tiếng sáo diều miền quê êm ả Có khói lam chiều bờ tre mái rạ Gánh những tảo tần một nắng hai sương Có tiếng quê hương nặng nghĩa ân tình Tiếng nói quê mình pha rừng trộn biển Giừ gặp nhau đây xôn xao tiếng Nghệ Mời anh mời chị ơi bạn mình ơi Thêm yêu giọng Nghệ đưa nhau tìm ớ về Có tiếng quê hương nặng nghĩa ân tình Tiếng nói quê mình pha rừng trộn biển Giừ gặp nhau đây xôn xao tiếng Nghệ Mời anh mời chị ơi bạn mình ơi Thêm yêu giọng Nghệ đưa nhau tìm ớ về Thêm yêu giọng Nghệ đưa nhau tìm ớ về Thêm yêu giọng Nghệ đưa nhau ta tìm ớ về,youtube:lLNkiL1ajVU,central,lexicon,medium,2
Ao-ni-răng-su-ri,youtube:3TuSVvMKVww,central,lexicon,medium,3
tiếng hà tĩnh choa dệ rứa mà bọn ni nỏ biết nả,youtube:3TuSVvMKVww,central,lexicon,medium,2
Tui quê hà tịnh nè tui nghe dễ hiệu mà 😅😅😅😅,youtube:3TuSVvMKVww,southern,lexicon,medium,3
Tui nè=)))),youtube:AhGsjadDVTA,southern,lexicon,medium,2
chỗ mô quảng trị rứa anh,youtube:QB3n8JM_Nrw,central,lexicon,medium,2
"Rất tự nhiên nhưng có đôi khi Hòa run thì phải, nói rất nhanh, hông kịp nghe luôn. Hòa nói chậm lại 1 xíu là okla nè. Cố gắng nhé. Chúc Hòa gặp nhiều may mắn",youtube:QB3n8JM_Nrw,southern,lexicon,medium,2
Bây biết quãng ngãi tiếng khó nghe lắm Chào ❌️ trình Trình ông trình bà đi con rồi còn nữa nè @#%@!^#&@&@*#^!÷&##^^₫& cái gì tao nghe hổng hiểu 😅😅,youtube:cYGqQGqQFVc,southern,lexicon,medium,2
Tui trai miền tây mà tui mê gái giọng phú yên vãi 😗,youtube:cYGqQGqQFVc,southern,lexicon,medium,2
Phú yên nói chi rứa hè,youtube:cYGqQGqQFVc,central,lexicon,medium,2
"Phú Yên quê tui , tui hiểu được giọng bình định nha 😂",youtube:cYGqQGqQFVc,southern,lexicon,medium,2
Tui dân Phú Yên nè,youtube:cYGqQGqQFVc,southern,lexicon,medium,2
tui thanh hóa tui thấy giọng tui bìn thườn mà😂,youtube:cYGqQGqQFVc,southern,lexicon,medium,3
Cả họ hàng nhà tui và tui đều nói giọng quảng bình và quảng trị 😂😂😂😂😂😂,youtube:cYGqQGqQFVc,southern,lexicon,medium,2
Tui quãng ngãi mà tui cx ko hiểu luôn á,youtube:elCT_LTbaKU,southern,lexicon,medium,2
ba tui ở quảng ngãi mà tui còn ko biết nữa mà,youtube:elCT_LTbaKU,southern,lexicon,medium,2
Tui ở Quảng ngãi nè,youtube:elCT_LTbaKU,southern,lexicon,medium,2
Tui cũng ở quảng ngãi nè xong tui xuống quê tui á rồi ai gặp tui cũng trình mà ko phải là trình ai chấm trình có nghĩ là chào á😂,youtube:elCT_LTbaKU,southern,lexicon,medium,5
Tui Quảng Ngãi nè,youtube:Uta5HqlrQL8,southern,lexicon,medium,2
Tui đà nẵng mà hiểu nè,youtube:Uta5HqlrQL8,southern,lexicon,medium,2
ối dồi ôi tui người quản ngãi nè,youtube:R5225hfaFRA,southern,lexicon,medium,2
Tui miền trung nè,youtube:iERNVpNY4tc,southern,lexicon,medium,2
tui miền trung nè😂😂😂😂😂😅,youtube:iERNVpNY4tc,southern,lexicon,medium,2
"cái chi rửa hầy, mi bị chi chi mô mô rứa, tau đập chết cha mi chừ=))",youtube:iERNVpNY4tc,central,lexicon,medium,4
Ơ tề răng mi óc tru rứa,youtube:iERNVpNY4tc,central,lexicon,medium,3
"Ừ rứa mần chi mần i, t cụng kệ mi luôn 🙄",youtube:iERNVpNY4tc,central,lexicon,medium,3
Có ai ng miền nam giọng bắc k Hãy lên tiếng để tui thấy tui k cô đơn đi:),youtube:iERNVpNY4tc,southern,lexicon,medium,2
Tui người miền trung nè ❤❤😅😅😊😊,youtube:iERNVpNY4tc,southern,lexicon,medium,2
Mi mần cấy chi rứa,youtube:iERNVpNY4tc,central,lexicon,medium,2
Qua trời thêm con ni điên ni nựa là chi,youtube:iERNVpNY4tc,central,lexicon,medium,2
"Trốc bọ , nói rứa mà ko hiểu",youtube:iERNVpNY4tc,central,lexicon,medium,2
Tui là người miền Trung nè ≧∇≦,youtube:iERNVpNY4tc,southern,lexicon,medium,2
"""Răng rứa hề?!"" 🤡",youtube:a5k-HLvWF-o,central,lexicon,medium,2
Anh là người ở mô rứa,youtube:RsOMXz1gmJo,central,lexicon,medium,2
Cấy chi chi rứa a thì miền Trung nó cũng là người Việt Nôm thôi có chi mô mà không học đc cấy anh ni tấc cười hề,youtube:RsOMXz1gmJo,central,lexicon,medium,3
Tui cũng đc nè :))),youtube:EAr-HClzMhU,southern,lexicon,medium,2
Tui thích giọng miền Nam vì tui ở miền nam:),youtube:EAr-HClzMhU,southern,lexicon,medium,2
"Tui Huế mà sao tui không hỉu cà rịch cà tang , mà chưa nghe bao giờ luôn 😮",youtube:MquSuaivgKg,southern,lexicon,medium,2
Em hiểu ở miền Trung nek mấy cấy ni dễ mà hè khó mô mấy anh😂😂,youtube:MquSuaivgKg,central,lexicon,medium,3
tiếng mình được lên video hãnh diện rứa hè:),youtube:MquSuaivgKg,central,lexicon,medium,2
5 Từ cảm thán Huế: Ngon a rứa (Ngon quá vậy trời ) < Ngon dễ sợ < Ngon dễ sợ rứa á hè < Ngon dã man < Rẻ vô hậu (rẻ như cho),youtube:-_IakaDAOhg,central,lexicon,medium,3
Người mô dệ tương vô hậu hè! 😊,youtube:-_IakaDAOhg,central,lexicon,medium,2
Mình ở Nghệ An cũng mô tê răng rứa mà bạn,youtube:-_IakaDAOhg,central,lexicon,medium,4
"Người Huế có một chất giọng nói ngọt ngào đặc trưng cùng với đó là những cụm từ ngữ hay câu từ mà nghe chỉ có người Huế với nhau mới hiểu. Điều này khiến nhiều người không khỏi cảm thấy thú vị và thích thú. Dưới đây là bộ “từ điển” tiếng Huế thông dụng (tham khảo trên trang Thừa Thiên Huế) dành cho những ai yêu tiếng Huế, muốn biết nhiều hơn về tiếng Huế, mời các bạn tham khảo. Từ điển tiếng Huế A rứa thê: lắm. Ai biết: có biết đâu, ai mà biết được. Ai biểu: ai mượn, ai bảo. Ai chịu cho nổi: không ai chịu nổi. Ai dè: ai có ngờ đâu. Ai đời: ai ngờ. Ai mô về nấy: ai đâu về đấy. Ai mô trả nấy: phần ai người ấy trả. Ai mượn: cũng vì. Ai răng tui rửa: Ai sao tôi vậy. Ai nấy: mọi người, người nào người nấy. Ai vẽ : ai bảo/hậu quả do mình gây ra. Ai từng đời: sao có chuyện như vậy. Anh hí: anh nhé (Anh nhớ chuyện nớ, anh hí). Anh răng em rứa: anh sao em vậy, vâng lời. Ăn dặm: ăn thêm bửa. Ăn dín dín (Ăn nhín nhín): Ăn ít chút, đừng ăn nhiều. Ấp ngủ: ấp, dỗ nằm ngủ. Ẩu tả: làm ẩu, làm dối, cẩu thả, không đúng cách. Ba bảy mười bốn: nói không trúng, nói tầm bậy. Ba bị: ông ăn mày. Ba cái đồ quỷ: những đồ không đáng kể, không ra gì, không đáng. Ba hoa xích đế (ba hoa chích chòe): ăn nói ba hoa, không nghiêm túc. Ba hồi ri ba hồi rứa: thay đổi luôn luôn . Biết khi mô: biết bao giờ (Biết khi mô mới có người thương tui thiệt tình). Biết làm răng chừ: biết làm sao bây giờ (Chuyện đã lỡ dĩ như rứa, biết làm răng chừ). Biết mặt ngang mặt dọc: biết rõ (Có người bạc trốt chưa biết cơm hến mặt ngang mặt dọc răng). Biết mặt tau (lời đe dọa): sẽ làm cho đối thủ điêu đứng, làm cho biết mặt, làm cho ""nể bản mặt"" (Mi hỗn hào coi chừng biết mặt tau). Biết mần răng: biết làm sao (Thương em nỏ biết mần răng, mười đêm ra đứng trông trăng cả mười - Ca dao Huế). Biết mấy cho bưa: biết mấy cho vừa (Vợ chồng ham làm giàu, biết mấy cho bưa). Biết mô: 1. Biết gì đâu, không biết (Anh bỏ mô tui biết mô mà lấy); 2. Có thể, biết đâu đấy (Biết mô hắn đứng về phe bên kia). Biết mô là bến bờ: mênh mông, vô cùng (Đời là bể khô biết mô là bến là bờ). Biết mô mà mò: biết mô mà tìm (Ăn trộm lấy hết, biết mô mà mò). Biết phong phóc: biết rõ, trúng phong phóc (Chuyện thiên hạ mà cái chi anh cũng biết, biết phong phóc là khác). Biết răng: biết gì (Chuyện nớ mi biết răng). Biết răng chừ: biết đến khi nào (Biết răng chừ cho nước ráo làm mây, cho sông Hương hết chảy, dạ nầy mới thôi thương - Ca dao Huế). 2. biết làm sao bây giờ (Chuyện đã vỡ lở ra rồi, biết răng chừ. Trời hành, biết răng chừ). Biết răng không: biết sao không (Biết răng không, hai đứa sắp lấy nhau). Biết ri: nếu biết thế này (Biết ri, anh lấy em cho rồi). Biết rứa: nếu biết thế (Biết rứa thì em cho anh cho rồi). Bỏ đi răng đành: bỏ đi sao đành, không đành đoạn (Em mô có lỗi chi với anh mà anh bỏ đi răng đành). Bỏ đồ màu: nêm gia vị vào món ăn (Em nấu cơm quên đơm vô rá, em kho cá quên bỏ đồ màu - Hò Huế). Bỏ giỏ: bỏ trong túi một cách chắc chắn (Đi thi kỳ này, bằng Tú tài coi như bỏ giỏ). Bỏ mứa: ăn còn dư (Bỏ mứa cơm rứa là tội trời). Bồn: 1.bồng (Bồn con cho con bú); 2. vồn đất: (Bồn khoai); 3. khoảnh đất xây cao để trồng cây, phòng lúc ngập lụt cho khỏi chết (Bồn trầu). Bơn lên để xuống (bưng lên để xuống, bơn lên bơn xuống): đưa lên đưa xuống (Chuyện không ra chi mà cứ bồn lên để xuống, bơn lên bơn xuống, một chặp thành chuyện quan trọng). Bổ béo chi mô (thấm béo chi mô): không đáng (Bổ béo chi mô mà cũng thích bắt tay đàn bà con gái). Tiếng Huế Bổ cái oạch: té cái ịch (Đường trơn trợt bị bổ cái oạch). Bổ chổng mông: bổ té sấp (Bị trượt chưn bổ chổng mông). Bộ rứa: thế thì (Bộ rứa tui nói láo hay răng). Cà gật cà tang: không thông suốt, có trắc trở. Cà kê dê ngỗng: chuyện không đâu vào đâu mất thì giờ. Cà rịch cà tang: chậm rãi, không nhanh nhẹn. Can chi: không sao đâu. Can chi mô: không can hệ gì đâu. Dám chọc mệ: ý nói ""dám đụng đến người bề trên. Dạn miệng dạn mồm: dám ăn dám nói, có gan dám nói. Da diết: không vơi, không nguôi, quá sức, tha thiết . Dang nắng: phơi nắng. Dài lòn thòn: dài lòng thòng. Dễ ẹc: quá dễ. Dị: khác lạ với thường tình. Dị chưa tề: lạ chưa, chướng quá, khó coi quá. Dị òm: chướng quá, kỳ quá, người ta cười Dòm lui dòm tới: nhìn trước nhìn sau Dòm mặt: 1. nhìn mặt để ngắm nghía; 2. lễ dạm hỏi coi là lễ dòm mặt. Đằng nớ: đầu đó, đằng kia. Đại nội Huế Một số từ xưng hô đặc biệt cũng được sử dụng trong ngôn ngữ Huế Bố thì gọi là BA Mẹ thì gọi là MẠ Ông Bà thì gọi là ÔN MỆ (Ôn nội, Mệ nội, Ôn ngoại, Mệ ngoại…) Bố Mẹ của Ông Bà thì gọi là CỐ Em hoặc chị của Bà Nội hay Bà Ngoại thì đều gọi là MỤ Ra đường gặp người già nếu không thân thích thì thường chào là “THƯA MỤ” (từ “Thưa” ở Huế được dùng như từ “Chào”) Chị gái hay em gái của Bố thì đều gọi là O (chữ O tương đương với Cô) Anh trai hay em trai của mẹ đều được gọi là CẬU Vợ của CẬU được gọi là MỢ (người vùng quê ở Huế còn gọi CẬU là CỤ, gọi MỢ là MỰ) Chị gái hay em gái của mẹ đều gọi là DÌ Chồng của DÌ được gọi là DƯỢNG Vợ của CHÚ được gọi là THÍM Chỉ có anh trai của Bố hoặc vợ anh trai của Bố thì mới được gọi là Bác.",youtube:-_IakaDAOhg,central,lexicon,medium,64
"Mình nghệ an cũng ns răng ,mô,chỉ,rứa nhé bạn",youtube:-_IakaDAOhg,central,lexicon,medium,3
"Bạn nữ này nói giọng Huế, nghe rất dễ thương, xin lỗi vì mình không biết năm sinh của bạn nên mình xin phép thất lễ tí nhé. Nhân tiện đây mình cũng chia sẻ một số câu nói của người Sài Gòn mình :)) 1. Ngon a rứa -> Ngon quá vậy trời 2. Trời đẹp a rứa -> Trời đẹp quá vậy :))",youtube:-_IakaDAOhg,central,lexicon,medium,2
"Giọng chj dethuong rứa , nghỉ hè ni chặc em xuống Huế chơi đây chj hầy",youtube:-_IakaDAOhg,central,lexicon,medium,3
Răng chị nói giọng lạ rứa,youtube:-_IakaDAOhg,central,lexicon,medium,2
"""rứa hè"" có vẻ giống ""dữ vậy"" =))",youtube:-_IakaDAOhg,central,lexicon,medium,2
"Học là phải áp dụng ngay và luôn : Chu choa mẹ ơi bạn đáng yêu "" A rứa "". Nhìn đôi môi bạn thôi mình cũng muốn kiss "" Dễ sợ "". Nói chung là mình thèm bạn "" Dã man "" luôn ấy. Cho mình biết bạn ăn cái chi mô mà lại dễ thương "" Rứa hè "". Mình mà lấy được bạn chắc mình yêu thương bạn "" Vô hậu "" luôn..... :)) P/S: Nội dung chỉ mang tính chất học tập :))",youtube:-_IakaDAOhg,central,lexicon,medium,4
"Giọng Huế của HP hay vô hậu, răng mà hay rứa hè .",youtube:-_IakaDAOhg,central,lexicon,medium,3
Rứa hè 🤭,youtube:-_IakaDAOhg,central,lexicon,medium,2
Mi đi mô rứa,youtube:-_IakaDAOhg,central,lexicon,medium,2
Đi mô rứa Đi đâu đấy,youtube:rWTzDu1nj-s,central,lexicon,medium,2
Dạ mô mô đi đâu cấy,youtube:rWTzDu1nj-s,central,lexicon,medium,2
Chi mi răng rứa mô,youtube:rWTzDu1nj-s,central,lexicon,medium,3
Mạ đi hồi mô mạ về rứa,youtube:rWTzDu1nj-s,central,lexicon,medium,2
Mạ đi hồi mô mới về rứa có nghĩa là mẹ đi đâu mới về vậy vì tôi là người Huế nên tôi biết,youtube:rWTzDu1nj-s,central,lexicon,medium,2
Mẹ đi mô mà lâu về rứa,youtube:rWTzDu1nj-s,central,lexicon,medium,2
Răng t nói mi mua đồ cho t răng mi có mua đồ cho t mô nờ dịch đi😊,youtube:rWTzDu1nj-s,central,lexicon,medium,3
Mẹ đi đâu về vậy bắc Mệ đi mô về rứa nghệ An,youtube:rWTzDu1nj-s,central,lexicon,medium,2
"Dịch đi nhé : Mi làm cái chi rứa , rứa bỏ cái chi vào cái bì",youtube:rWTzDu1nj-s,central,lexicon,medium,2
Mạ đi hồi mô mạ về rứa ❤ em người haế,youtube:rWTzDu1nj-s,central,lexicon,medium,2
CHI TÊ RĂNG RỨA CHU CHOA MẠ ƠI NGƯỜI CHI MÀ GHẾ GỚM RỨA HÈ,youtube:rWTzDu1nj-s,central,lexicon,medium,5
Em là người Huế câu đó dễ mạ đi hồi mô về rứa😊😊😊😊,youtube:rWTzDu1nj-s,central,lexicon,medium,2
Má đi hồi mô má zê rứa,youtube:rWTzDu1nj-s,central,lexicon,medium,2
Tui người huế nè ai trả lời sai thì thử học nhoa.Mạ đi mô mạ về rứa dịch là. Mẹ đi đâu mẹ về thế,youtube:rWTzDu1nj-s,central,lexicon,medium,2
Đi mô rứa,youtube:rWTzDu1nj-s,central,lexicon,medium,2
miền trung em nói mẹ mới đi mô về rứa,youtube:rWTzDu1nj-s,central,lexicon,medium,2
Mẹ đi hồi mô mẹ về rứa,youtube:rWTzDu1nj-s,central,lexicon,medium,2
Ui chao cun trái thắng mô rứa dịch đi,youtube:rWTzDu1nj-s,central,lexicon,medium,2
Mẹ đi ở mô mẹ về rứa,youtube:rWTzDu1nj-s,central,lexicon,medium,2
Mạ đi hồi mô mạ về rứa là:mẹ đi hồi nào về??,youtube:rWTzDu1nj-s,central,lexicon,medium,2
"''Mạ đi hôm mô mới về rứa?'', nhà ông em ở huế em nghe tiếng huế nhiều rồi",youtube:rWTzDu1nj-s,central,lexicon,medium,2
Tiếng Huế: Mạ đi hồi mô mạ về rứa Tiếng Quảng Ngãi: Mẹ đi hồi nào mẹ về vậy,youtube:rWTzDu1nj-s,central,lexicon,medium,2
Mẹ đi hồi mô mẹ về rứa,youtube:rWTzDu1nj-s,central,lexicon,medium,2
Mạ đi hôm mô về rứa : mẹ đi ngày nào về vậy (em người Huế mà),youtube:rWTzDu1nj-s,central,lexicon,medium,2
Anh đố nhầm ng rồi em ng huệ này anh Quê cha đất tổ em đấy Mạ ơi mạ mần cái chi chi rứa :))),youtube:rWTzDu1nj-s,central,lexicon,medium,2
Mạ đi hồi mô về rứa...mẹ đi khi nào về,youtube:rWTzDu1nj-s,central,lexicon,medium,2
Răng mà hay rứa !!!,youtube:cGqNJ2WjF0s,central,lexicon,medium,2
"Cũng thích coi bé này chill chill nhưng mỗi lần ẻm vãi vãi là hết hồn, vãi nhiều quá mình sợ liệu theo ghê 😢",youtube:kHeagWAXxHQ,northern,lexicon,medium,3
"tui người hội an mà coi vlog của c Vy mới bt nhìu quán v lun kkk, có nhìu quán lowkey dữ lm",youtube:kHeagWAXxHQ,southern,lexicon,medium,2
Tui ở bình định nè,youtube:FlNPTlFsXSk,southern,lexicon,medium,2
Nẩu ở bình định nè mờ nghe ân nòi ẩn nói tui hân hiểu luôn á!,youtube:FlNPTlFsXSk,southern,lexicon,medium,2
"chu cha, trời mưa làm ly bầu đá với ông ba nó đã sao nó đã, má ơi lấy con thêm cục đá cho uống hết ly trà đá chống cháy cái má ơi",youtube:FlNPTlFsXSk,southern,lexicon,medium,2
Tui bình định nè nhiều đặt sản lắm😂❤,youtube:FlNPTlFsXSk,southern,lexicon,medium,2
"""Chô cha trời mưa làm li bào đá dúng ông ba sao nó đã sao mà nó đã má ư lấy con cục đá"" Đỉnh ko ae tui Tui Bình Định đấy còn ba mẹ tui thì Nghĩa Bình",youtube:FlNPTlFsXSk,southern,lexicon,medium,3
ăn cé xe đẹp trè đé chèo bẹn chơi cho đẻ chu cha trời mưa làm ly bồ đá giống bã seo nó đã má ơi cho con thim cục đá uống chống cháy đi má ơi,youtube:FlNPTlFsXSk,southern,lexicon,medium,2
"chu cha trời mưa làm ly bầu đá với ông ba nó đã sao nó đã, má ơi lấy con thêm cục đá cho uống hết ly trà đá chống chấy cái má ơi",youtube:FlNPTlFsXSk,southern,lexicon,medium,2
Má cho con ly trà đá đi má ơi tui bình định ❤🎉,youtube:FlNPTlFsXSk,southern,lexicon,medium,2
Dễ tui người bình định nè,youtube:FlNPTlFsXSk,southern,lexicon,medium,2
Tui là ngừ Bình Định nè ❤❤❤,youtube:FlNPTlFsXSk,southern,lexicon,medium,2
tui ng BD mà s tui chx nghe,youtube:FlNPTlFsXSk,southern,lexicon,medium,2
"Tiếng ông nói chổ nào zậy tui còn hổng biết, mà tui dân bđ chưa nghe bao h😢😢",youtube:FlNPTlFsXSk,southern,lexicon,medium,3
Tui người quảng Ngãi nè,youtube:N6BJjcfwNSQ,southern,lexicon,medium,2
“Mi nói cái chi mô rứa”,youtube:N6BJjcfwNSQ,central,lexicon,medium,2
Có ai ở gia Lai ko tui ở gia Lai nè 👇🏽,youtube:N6BJjcfwNSQ,southern,lexicon,medium,2
Ủa tui nói được nè tui khum phải người gia lai,youtube:N6BJjcfwNSQ,southern,lexicon,medium,3
"Với dân miền Tây khác cha khác mẹ Nhưng khi lớn lên cùng nhau Tụi anh kêu là ní ná dô Với dân miền Tây khác cha khác mẹ Nhưng khi lớn lên cùng nhau Tụi anh kêu là ní ná Bán bà con xa Ai đem mua láng giềng gần Nhà cần gì nhiều tầng Cho cái tình mới quý giá Thích ngồi say sưa Nhìn ngắm trời mây mưa Dù mắm cà hay dưa Nhà tao một kí cá Sung sung thì anh em kêu lên Chí quá một hai ba dô Bao nhiêu xí xóa Nếu mà oke anh kêu là quất Thấy mà qua luôn anh kêu là huốc Đón thì anh em anh kêu là rước Có người nông dân hay trong nhà nước Bao nhiêu trong lòng nói ra hết ráo Từ hồi năm lớp sáu Nghe đờn ca êm ru Cái kiểu Hiphop Của người miền Tây nó vậy Ê đừng có nói bậy Khi người miền Tây lên stu Mới mấy bữa nay Anh kêu là hổm rài Còn đứa nào giỡn nhây Anh kêu cà rỡn quài Nếu mà lỡ thua nhưng chưa tởn mày Chiều là bới cơm Ra ăn ngồi xổm nè Tối chờ trăng lên, anh giăng lưới Nói lời yêu em xong qua năm cưới Tính tình dân quê không ưa gian dối Thích trồng cây xanh, anh chăm anh tưới Và đây là tiếng nói miền Tây Mấy em thích hả lền tay Thắm tình quê hương nơi đây son sắt Em thấy hay trong mắt Trong khắc ghiền ngay Có chàng nông dân đang lên minecraft Không giống như ai khác Mà cho láng giềng hay Câu từ khai thác theo cách miền Tây Đây là văn hóa, âm sắc miền Tây Và đây là tiếng nói miền Tây Mấy em thích hả lền tay Thắm tình quê hương nơi đây son sắt Em thấy hay trong mắt Trong khắc ghiền ngay Có chàng nông dân đang lên mic rap Không giống như ai khác Mà cho láng giềng hay Câu từ khai thác theo cách miền Tây Đây là văn hóa, âm sắc miền Tây Quê tao Có sông có núi có cánh cò Có tình có nghĩa mày lấy hông Về đây tao đón, về đây tao đón Sớm trưa tới chiều mình cùng liu riu Nhà gọi là xí cũ Với con tùa hia Ông bà này có tiếng nhất Cái vùng nhà quê Chẳng khoe khoang gì Nhưng được cái tình nghĩa Hỏi đâu mà không biết Nhà ông Thịnh bà Khê Ổng dễ dãi, sống lại thật thà Làm việc không trễ nải Ổng còn thờ Phật bà Đúng là của cải xe đậu chật nhà Mà tính ổng bình dân Ông này thiệt là Miền Tây cầu toàn làm mấy vựa tôm Con nào con nấy mập ú mà ngon Rượu bia một đống uống hết thì thôi Chủ yếu là để đãi Xóm giềng bà con Mà trên bờ kênh bờ ao Xe ông đạp cót két Ngồi trên dạt tre Đâu cần phải lót dép Mà thôi vô đi Mình làm cái róp rẻng Xiết siết để cho cái mỏ mình Đừng có nhai nhóp nhép Về phương đó, phía Tây miền Việt Nam Nghe điệu hò câu hát khẽ mơ màng Mùi hương lúa thắm bên dòng Hậu Giang Cho ngày mùa nay thiếp sẽ bên chàng Và đây là tiếng nói miền Tây Mấy em thích hả lền tay Thắm tình quê hương nơi đây son sắt Em thấy hay trong mắt Trong khắc ghiền ngay Có chàng nông dân đang lên minecraft Không giống như ai khác Mà cho láng giềng hay Câu từ khai thác theo cách miền Tây Đây là văn hóa, âm sắc miền Tây Anh nghe anh hò Kiểu mà dân thôn Ăn chơi sành điệu nà Đu theo thời thượng Xu hướng là model Hai ba cô em Thương đem lòng chịu nà Mến nhau đồng điệu Thì mới sáp vô quen Khoái mà không cua thì kêu là rén Bữa nào xôm xôm Rượu ngon mồi bén Là đợi anh vô 500% công lực cái Chứ tỉnh táo quá Nó cục mịch khô khan Làm xong là chơi, nghỉ ngơi điều độ Cái nết miền Tây kiểu vậy đó giờ Đừng ghẹo gái quê Chân đất đồ bộ nà Cỡ mấy em rượt trâu chạy có cờ Ai ơi đi xa quê ta có nhớ Có cớ để còn về Ghé qua chơi nè Bắt cá rô đồng lên làm chầu nhậu Thuốc rê là rảnh Ra ré ba hơi Nói là đủ ăn mà hơn phần sướng Hễ đi làm thuê thì kêu mần mướn Đồ ăn thì đem máng lên mé vách Còn vòng vàng Thì đem chôn dưới gầm giường Ở dưới miệt này Người ta mà thương á Là người ta thường nhìn tâm nhìn tướng Nó quanh năm cắm mặt Ao đìa ruộng nương Làm nhiêu ăn nhiêu là chuyện bình thường Và đây là tiếng nói miền Tây Mấy em thích hả lền tay Thắm tình quê hương nơi đây son sắt Em thấy hay trong mắt Trong khắc ghiền ngay Có chàng nông dân đang lên minecraft Không giống như ai khác Mà cho láng giềng hay Câu từ khai thác theo cách miền Tây Đây là văn hóa, âm sắc miền Tây",youtube:c0QVsKxCi18,southern,lexicon,medium,3
"Với dân miền Tây khác cha khác mẹ Nhưng khi lớn lên cùng nhau Tụi anh kêu là ní ná dô Với dân miền Tây khác cha khác mẹ Nhưng khi lớn lên cùng nhau Tụi anh kêu là ní ná Bán bà con xa Ai đem mua láng giềng gần Nhà cần gì nhiều tầng Cho cái tình mới quý giá Thích ngồi say sưa Nhìn ngắm trời mây mưa Dù mắm cà hay dưa Nhà tao một kí cá Sung sung thì anh em kêu lên Chí quá một hai ba dô Bao nhiêu xí xóa Nếu mà oke anh kêu là quất Thấy mà qua luôn anh kêu là huốc Đón thì anh em anh kêu là rước Có người nông dân hay trong nhà nước Bao nhiêu trong lòng nói ra hết ráo Từ hồi năm lớp sáu Nghe đờn ca êm ru Cái kiểu Hiphop Của người miền Tây nó vậy Ê đừng có nói bậy Khi người miền Tây lên stu Mới mấy bữa nay Anh kêu là hổm rài Còn đứa nào giỡn nhây Anh kêu cà rỡn quài Nếu mà lỡ thua nhưng chưa tởn mày Chiều là bới cơm Ra ăn ngồi xổm nè Tối chờ trăng lên, anh giăng lưới Nói lời yêu em xong qua năm cưới Tính tình dân quê không ưa gian dối Thích trồng cây xanh, anh chăm anh tưới Và đây là tiếng nói miền Tây Mấy em thích hả lền tay Thắm tình quê hương nơi đây son sắt Em thấy hay trong mắt Trong khắc ghiền ngay Có chàng nông dân đang lên minecraft Không giống như ai khác Mà cho láng giềng hay Câu từ khai thác theo cách miền Tây Đây là văn hóa, âm sắc miền Tây Và đây là tiếng nói miền Tây Mấy em thích hả lền tay Thắm tình quê hương nơi đây son sắt Em thấy hay trong mắt Trong khắc ghiền ngay Có chàng nông dân đang lên mic rap Không giống như ai khác Mà cho láng giềng hay Câu từ khai thác theo cách miền Tây Đây là văn hóa, âm sắc miền Tây Quê tao Có sông có núi có cánh cò Có tình có nghĩa mày lấy hông Về đây tao đón, về đây tao đón Sớm trưa tới chiều mình cùng liu riu Nhà gọi là xí cũ Với con tùa hia Ông bà này có tiếng nhất Cái vùng nhà quê Chẳng khoe khoang gì Nhưng được cái tình nghĩa Hỏi đâu mà không biết Nhà ông Thịnh bà Khê Ổng dễ dãi, sống lại thật thà Làm việc không trễ nải Ổng còn thờ Phật bà Đúng là của cải xe đậu chật nhà Mà tính ổng bình dân Ông này thiệt là Miền Tây cầu toàn làm mấy vựa tôm Con nào con nấy mập ú mà ngon Rượu bia một đống uống hết thì thôi Chủ yếu là để đãi Xóm giềng bà con Mà trên bờ kênh bờ ao Xe ông đạp cót két Ngồi trên dạt tre Đâu cần phải lót dép Mà thôi vô đi Mình làm cái róp rẻng Xiết siết để cho cái mỏ mình Đừng có nhai nhóp nhép Về phương đó, phía Tây miền Việt Nam Nghe điệu hò câu hát khẽ mơ màng Mùi hương lúa thắm bên dòng Hậu Giang Cho ngày mùa nay thiếp sẽ bên chàng Và đây là tiếng nói miền Tây Mấy em thích hả lền tay Thắm tình quê hương nơi đây son sắt Em thấy hay trong mắt Trong khắc ghiền ngay Có chàng nông dân đang lên minecraft Không giống như ai khác Mà cho láng giềng hay Câu từ khai thác theo cách miền Tây Đây là văn hóa, âm sắc miền Tây Anh nghe anh hò Kiểu mà dân thôn Ăn chơi sành điệu nà Đu theo thời thượng Xu hướng là model Hai ba cô em Thương đem lòng chịu nà Mến nhau đồng điệu Thì mới sáp vô quen Khoái mà không cua thì kêu là rén Bữa nào xôm xôm Rượu ngon mồi bén Là đợi anh vô 500% công lực cái Chứ tỉnh táo quá Nó cục mịch khô khan Làm xong là chơi, nghỉ ngơi điều độ Cái nết miền Tây kiểu vậy đó giờ Đừng ghẹo gái quê Chân đất đồ bộ nà Cỡ mấy em rượt trâu chạy có cờ Ai ơi đi xa quê ta có nhớ Có cớ để còn về Ghé qua chơi nè Bắt cá rô đồng lên làm chầu nhậu Thuốc rê là rảnh Ra ré ba hơi Nói là đủ ăn mà hơn phần sướng Hễ đi làm thuê thì kêu mần mướn Đồ ăn thì đem máng lên mé vách Còn vòng vàng Thì đem chôn dưới gầm giường Ở dưới miệt này Người ta mà thương á Là người ta thường nhìn tâm nhìn tướng Nó quanh năm cắm mặt Ao đìa ruộng nương Làm nhiêu ăn nhiêu là chuyện bình thường Và đây là tiếng nói miền Tây Mấy em thích hả lền tay Thắm tình quê hương nơi đây son sắt Em thấy hay trong mắt Trong khắc ghiền ngay Có chàng nông dân đang lên minecraft Không giống như ai khác Mà cho láng giềng hay Câu từ khai thác theo cách miền Tây Đây là văn hóa, âm sắc miền Tây",youtube:c0QVsKxCi18,southern,lexicon,medium,3
tui biết nói giọng mèn mén nè,youtube:_RiNfv5dmws,southern,lexicon,medium,2
Phai tui mua YouTube cua c Tuan kg nieu ai khac la tui kg nhe cac ban,youtube:yLSlk-m3XI0,southern,lexicon,medium,2
"Đúng ra, AI cũng biếtCờVàng3QueLàNGỤY(giả, không thật) doGiặcPhápDỰNG lên năm 1949 (lấy tên là ""Quốc Gia Việt Nam"") để bắt làmChóSănTaySaiGiúp chúng đánh Dân tộc Việt Nam ta khi ấy do Việt Minh tổ chức lãnh đạo. # Rồi khiGiặcPhápBị Việt Minh đánh phải đầu hàng, thì trước khi bỏ chạy về Pháp, chúng bàn giao ""Quốc Gia Việt Nam"" qua cho Đồng minh Mỹ làm chủ mới. # Mỹ trở thành Giặc xâm lược trực tiếp, bèn đổi tên ""Quốc Gia Việt Nam"" thành ""Việt Nam Cộng Hòa"", lại bắt nó tiếp tục làmChóSănTaySaiĐể giúp chúng đánh Dân tộc Việt Nam ta lần nầy doViệtCộngTiếp bước Việt Minh tổ chức lãnh đạo. # Ai cũng biết SỰ THẬT đơn giản rõ ràng đó; # NhưngGiặcMỹ-PhápQuá GIÀU (theo chúng thì có TIỀN LƯƠNG rũng rĩnh để tiêu xài, được nuôi ĂN NO CÀNH HÔNG HỔNG THIẾU BỬA NÀO) so vớiViệtMinh-ViệtCộng(KHÔNG có đồng xu LƯƠNG nào; ăn thì bửa có bửa không) do dân Việt Nam ta NGHÈO nuôi; # và Giặc Mỹ - Pháp cũng quá ÁC (chúng ĐẦY KINH NGHIỆM Thực Dân đàn áp cai trị thuộc địa), quá MẠNH (chúng có bom súng đạn NHIỀU NHƯ NÚI) # Cho nên, dù BIẾT RÕ Mỹ - Pháp là GIẶC Xâm lược, nhưng nhiều người vẫn theo .... # theo lệnh Giặc Mỹ - Pháp bắnGiếtĐồng bào mình-ViệtMinh-ViệtCộng .... # rồi BỊ BẮN LẠI, có khiChếtCó khi bị thương, .... # rồi đâm ra THÙ OÁN !",youtube:c_36BXxpEjw,southern,lexicon,medium,2
"Thấy cảnh lính Ngụy lăm le cây súng, bóp cò, mà tui rất tức giận .... # Giặc xâm lược Mỹ (và Pháp trước đó) lấy quyền gì mà trắng trợn vô nước tui, trút mưa bom bảo đạn, thuốc độc Da Cam Dioxin, lên Rưộng vườn Quê hương tui, NẮM ĐẦU BẮT trai trẻ Đồng bào tui làmLínhNgụyCho chúng sai bảo, bắnGiếtChínhĐồng bào mình, giúp chúng chiếm đóng cai trị Đất nước tui. # Rồi chúng CÚT MẤT về Mỹ, về Pháp, PHỦI TAY, BỎ XỤI LẠI HÀNG CHỤC TRIỆU THƯƠNG PHẾ BINH, VỢ GÓA, CON NÍT MỒ CÔI, BÉ SANH RA BỊ DỊ TẬT KHỦNG KHIẾP DO THUỐC ĐỘC DiOXIN CỦA CHÚNG, .... # cho Dân tộc Việt Nam nghèo NUÔI, CHĂM SÓC. # Vậy mà Chúng cón XÚI, GIÚP VÀ HÙA VÔ với Bành trướng Trung Quốc và Diệt chủng Pôn Pốt đánh nước tui, BAO VÂY CẤM VẬN để Dân tuiChếtĐÓIgiống như hồi 1945; .... # Tui rất tức giận với chúng là Giặc Xâm lược Mỹ - Pháp (không phải Nhân dân Mỹ - Pháp)",youtube:c_36BXxpEjw,southern,lexicon,medium,7
"Ai BẮN Tổng thống Mỹ Donald Trump ? Tổng thống Mỹ Donald Trump qua Việt Nam, tay thì PHẤT Cờ Đỏ Sao Vàng Việt Cộng, miệng thì cười toe toét, là ý nói .... # ""Coi nè ! TUI THEO VIỆT CỘNG rồi nghen !"" # Ở Mỹ hiện nay còn nhiều lính Thủy Quân Lục Chiến , Biệt Kích Dù, Lôi Hổ, Hùm Xám, Trâu Điên, .... (cha ông HUNG CAO nằm trong đám đó ?) trên cánh tay còn khắc chữ ""SÁT CỘNG (Giết Việt Cộng)"" .... # Ngĩa là còn rất NGứA NGHỀ GIẾT VIỆT CỘNG và những người PHẤT CỜ VIỆT CỘNG như ông Donald Trump. # Vậy, rất có thể chính bọn còn NGứA NGHỀ GIẾT những người PHẤT CỜ VIỆT CỘNG như ông Donald Trump nầy đã bắn ông D Trump 2 lần, và đang âm mưu bắn ổng lần 3 (lại vừa mới xãy ra 25-04-2026, giờ Washington DC, Mỹ)!?",youtube:c_36BXxpEjw,southern,lexicon,medium,3
TEN HEN TUONG DA PHAN BOI DONG DOI VA LUONG DAN VO TOI - CAM TAM QUY GOI BUNG BO QUY SATAN HONG HUONG TU LOI SONG THUC TE PHU PHANG DA PHOI BAY DOI VOI MOT KE AC ON MUON DAO GIET NGUOI DA SONG NHUNG NGAY CON LAI TRONG NGHEO KHO VA TUI HAN VA DA CHET DON LANH NHU MOT CON CHO BENH HOAN TRONG NGHIA DIA DAY NHUNG OAN HON VAT VUONG VA NHUNG LOI NGUYEN RUA NAM CANH ..............,youtube:_1bKRG3Rfvs,southern,lexicon,medium,2
Mỗi miền một giọng nghe 👂 tiếng giọng Nghệ An là anh nói anh nghe tui nói tui nghe 😜 haha,youtube:2_ZjlAXyE18,southern,lexicon,medium,2
Tui dân Tây Ninh nghen. Ad❤,youtube:2_ZjlAXyE18,southern,lexicon,medium,2
Còn tui ông ở ĐL. Ba tui vô SG năm 20t lập nghiệp mua đất xây nhà sinh tui ra tại SG sống ở SG mấy chục năm. Mà ngta lại bảo tui như người Hoa 😮😮,youtube:2_ZjlAXyE18,southern,lexicon,medium,4
"(NGUYỄN QUANG LẬP) 1/ Mãi tới ngày 30 tháng 4 năm 1975 tôi mới biết thế nào là ngày sinh nhật. Quê tôi người ta chỉ quan tâm tới ngày chết, ngày sinh nhật là cái gì rất phù phiếm. Ngày sinh của tôi ngủ yên trong học bạ, chỉ được nhắc đến mỗi kì chuyển cấp. Từ thuở bé con đến năm 19 tuổi chẳng có ai nhắc tôi ngày sinh nhật, tôi cũng chẳng quan tâm. Đúng ngày “non sông thu về một mối” tôi đang học Bách Khoa Hà Nội, cô giáo dạy toán xác suất đã cho hay đó cũng là ngày sinh nhật của tôi. Thật không ngờ. Tôi vui mừng đến độ muốn bay vào Sài Gòn ngay lập tức, để cùng Sài Gòn tận hưởng “Ngày trọng đại”. Kẹt nỗi tôi đang học, ba tôi không cho đi. Sau ngày 30 tháng 4 cả nhà tôi đều vào Sài Gòn, trừ tôi. Ông bác của tôi dinh tê vào Sài Gòn năm 1953, làm ba tôi luôn ghi vào lý lịch của ông và các con ông hai chữ “đã chết”, giờ đây là triệu phú số một Sài Gòn. Ba tôi quá mừng vì ông bác tôi còn sống, mừng hơn nữa là “triệu phú số một Sài Gòn”. Ông bác tôi cũng mừng ba tôi hãy còn sống, mừng hơn nữa là “gia đình bảy đảng viên cộng sản”. Cuộc đoàn tụ vàng ròng và nước mắt. Ông bác tôi nhận nước mắt đoàn viên bảy đảng viên cộng sản, ba tôi nhận hơn hai chục cây vàng đem ra Bắc trả hết nợ nần còn xây được ngôi nhà ngói ba gian hai chái. Sự đổi đời kì diệu. Dù chưa được vào Sài Gòn nhưng tôi đã thấy Sài Gòn qua ba vật phẩm lạ lùng, đó là bút bi, mì tôm và cassette của thằng Minh cùng lớp, ba nó là nhà thơ Viễn Phương ở Sài Gòn gửi ra cho nó. Chúng tôi xúm lại quanh thằng Minh xem nó thao tác viết bút bi, hồi đó gọi là bút nguyên tử. Nó bấm đít bút cái tách, đầu bút nhô ra, và nó viết. Nét mực đều tăm tắp, không cần chấm mực không cần bơm mực, cứ thế là viết. Chúng tôi ai nấy há hốc mồm không thể tin nổi Sài Gòn lại có thể sản xuất được cái bút tài tình thế kia. Tối hôm đó thằng Minh bóc gói mì tôm bỏ vào bát. Tưởng đó là lương khô chúng tôi không chú ý lắm. Khi thằng Minh đổ nước sôi vào bát, một mùi thơm rất lạ bốc lên, hết thảy chúng tôi đều nuốt nước bọt, đứa nào đứa nấy bỗng đói cồn cào. Thằng Minh túc tắc ăn, chúng tôi vừa nuốt nước bọt vừa cãi nhau. Không đứa nào tin Sài Gòn lại có thể sản xuất được đồ ăn cao cấp thế kia. Có đứa còn bảo đồ ăn đổ nước sôi vào là ăn được ngay, thơm ngon thế kia, chỉ giành cho các nhà du hành vũ trụ, người thường không bao giờ có. Thằng Minh khoe cái cassette ba nó gửi cho nó để nó học ngoại ngữ. Tới đây thì tôi bị sốc, không ngờ nhà nó giàu thế. Với tôi cassette là tài sản lớn, chỉ những người giàu mới có. Năm 1973 quê tôi lần đầu xuất hiện một cái cassette của một người du học Đông Đức trở về. Cả làng chạy đến xem máy ghi âm mà ai cũng đinh ninh đó là công cụ hoạt động tình báo, người thường không thể có. Suốt mấy ngày liền, dân làng tôi say sưa nói vào máy ghi âm rồi bật máy nghe tiếng của mình. Tôi cũng được nói vào máy ghi âm và thất vọng vô cùng không ngờ tiếng của tôi lại tệ đến thế. Một ngày tôi thấy tài sản lớn ấy trong tay một sinh viên, không còn tin vào mắt mình nữa. Thằng Minh nói, rẻ không à. Thứ này chỉ ghi âm, không có radio, giá hơn chục đồng thôi, bán đầy chợ Bến Thành. Không ai tin thằng Minh cả. Tôi bỉu môi nói với nó, cứt! Rứa Sài Gòn là tây à? Thằng Minh tủm tỉm cười không nói gì, nó mở cassette, lần đầu tiên chúng tôi được nghe nhạc Sài Gòn, tất cả chết lặng trước giọng ca của Khánh Ly trong Sơn ca 7. Kết thúc Sơn ca 7 thằng Hoan bỗng thở hắt một tiếng thật to và kêu lên, đúng là tây thật bay ơi! Sài Gòn là tây, điều đó hấp dẫn tôi đến nỗi đêm nào tôi cũng mơ tới Sài Gon. Kì nghỉ hè năm sau, tháng 8 năm 1976, tôi mới được vào Sài Gòn. Ba tôi vẫn bắt tôi không được đi đâu, “ở nhà học hành cho tử tế”, nhưng tôi đủ lớn để bác bỏ sự ngăn cấm của ông. Hơn nữa cô họ tôi rất yêu tôi, đã cho người ra Hà Nội đón tôi vào. Xe chạy ba ngày ba đêm tôi được gặp Sài Gòn. Tôi sẽ không kể những gì lần đầu tôi thấy trong biệt thự của ông bác tôi, từ máy điều hòa, tủ lạnh, ti vi tới xe máy, ô tô. Ngay mấy cục đá lạnh cần lúc nào có ngay lúc đó cũng đã làm tôi thán phục lắm rồi. Thán phục chứ không ngạc nhiên, vì đó là nhà của ông triệu phú. Xin kể những gì buổi sáng đầu tiên tôi thực sự gặp gỡ Sài Gòn... (con tiep)",youtube:6ErFOpVvcmM,central,lexicon,medium,3
"Trời ơi, làm cho tui nhớ dza diết Sg. Nhớ từng con đường , cái hẻm. Nhớ dì ba, dì tư bán quán, bán nước thấy tui đi qua là lên tiếng hỏi thăm liền.",youtube:6ErFOpVvcmM,southern,lexicon,medium,2
"Nhìn lại cảnh Saigon xưa tui nhớ là thời chị tui còn trẻ đẹp mặc áo dài eo ,đội nón lá mang guốc cao gót tóc uốn thành từng lọn rất đẹp chớ không như kiểu “cái bông cải “ như tui lúc đó chỉ 10 tuổi!",youtube:6ErFOpVvcmM,southern,lexicon,medium,3
"Tui nghe người bắc nói : ""Chúng mày...."" là máu trong người tui xông lên tới óc. Nghe mà tức cành hông, chất giọng gằn, nhấn mạnh như bôi tro trát trấu , chà sát ruột gan, chà đạp nhân phẩm con người.",youtube:6ErFOpVvcmM,southern,lexicon,medium,3
Xin cảm ơn Sài Gòn xưa đã gọi lại những kỷ niệm đẹp tuyệt vời những cách sống sinh hoạt thân thiện của dân Sài gòn .bây giờ là thành phố Hồ chí Minh mọi thứ đảo ngược con người thì gian xảo bip bợm ich kỷ đó là sản phẩm của chế độ cộng sản.tui(dân Sài Gòn chính hiệu) rời VN gần 40 năm nhưng tui không bao giờ nghĩ đến chuyến đi về VN.,youtube:6ErFOpVvcmM,southern,lexicon,medium,2
"Tui luôn giữ cái giọng Nam kỳ nè . Gốc gác cuả tui kể ra như sau : Ông bà Cố tui gốc Trà Vinh / Ngoại tui thì Trà Vinh rồi Biên Hoà , đó là bên Ngoại . Bên Nội thì xuất xứ từ Cái Răng , Cái Tắc rồi tới Cap tức là Vũng Tàu . Cho nên tui nói giọng Sài Gòn , không thích lai chút nào , tuy rất hiểu tiếng Bắc 54 , biết ít thổ ngữ Huế nữa ; nhưng khg dùng khi không cần thiết . Nghe Đạt Phi và Diệu Hiền đọc hay quá hà . Mong các em làm thêm nhiều video như vầy nữa nhen . Chị đang khóc vì nhớ thương quê nhà , nay đã ngàn trùng xa cách . Rất mong các bậc phụ huynh Nam Kỳ ráng mà giữ giọng nói cuả mình , ráng dạy dỗ con cháu cho tụi nó giữ giọng , đừng để giọng Nam kỳ bị mai một , đừng làm đau lòng Cha Ông Nam Kỳ lục tỉnh xưa , đừng gây nát ruột bầm gan Tổ Tiên miền Nam sông nước cũ❤❤😪Thương tiếc quá Nam kỳ ơi !!!",youtube:_OjaHyGU1y0,southern,lexicon,medium,6
Mỗi đêm tui lại thèm nghe giọng Sài Gòn lẫn trước và sau khi tui đi nghủ.,youtube:_OjaHyGU1y0,southern,lexicon,medium,2
"Thày Hai ơi, thày làm tui khóc sau khi nghe video clip này của thày Hai. Tui khóc như cha tui chết. Đau quá thày hai ơi!",youtube:_OjaHyGU1y0,southern,lexicon,medium,3
tui biết nói giọng mèn mén nè,youtube:_RiNfv5dmws,southern,lexicon,medium,2
Bạn kể lại . Vợ tui chuyển dạ đêm tân hôn. Nghe mắc cười hơn !,youtube:drX7Z14z3B8,southern,lexicon,medium,3
"Bạn ấy có duyên là nhờ hàm răng đó, đừng niên răng em nhe",youtube:drX7Z14z3B8,central,lexicon,medium,2
Nghe riết kênh Cô Tâm Nhà Quê tui bị đau sốc hông luôn á !,youtube:drX7Z14z3B8,southern,lexicon,medium,2
tâm nhà quê ỡ đâu vây tôi là con gái của bác năm nè út tâm có biết tôi hông tôi ũng hô út tâm nhe❤❤❤❤❤❤❤,youtube:drX7Z14z3B8,southern,lexicon,medium,2
Tui cũng đc nè :))),youtube:EAr-HClzMhU,southern,lexicon,medium,2
Tui thích giọng miền Nam vì tui ở miền nam:),youtube:EAr-HClzMhU,southern,lexicon,medium,2
Bây biết quãng ngãi tiếng khó nghe lắm Chào ❌️ trình Trình ông trình bà đi con rồi còn nữa nè @#%@!^#&@&@*#^!÷&##^^₫& cái gì tao nghe hổng hiểu 😅😅,youtube:cYGqQGqQFVc,southern,lexicon,medium,2
Tui trai miền tây mà tui mê gái giọng phú yên vãi 😗,youtube:cYGqQGqQFVc,southern,lexicon,medium,2
Phú yên nói chi rứa hè,youtube:cYGqQGqQFVc,central,lexicon,medium,2
"Phú Yên quê tui , tui hiểu được giọng bình định nha 😂",youtube:cYGqQGqQFVc,southern,lexicon,medium,2
Tui dân Phú Yên nè,youtube:cYGqQGqQFVc,southern,lexicon,medium,2
tui thanh hóa tui thấy giọng tui bìn thườn mà😂,youtube:cYGqQGqQFVc,southern,lexicon,medium,3
Cả họ hàng nhà tui và tui đều nói giọng quảng bình và quảng trị 😂😂😂😂😂😂,youtube:cYGqQGqQFVc,southern,lexicon,medium,2
Răng mà ít tame miền Trung rứa. Chi Vy noi quá giống,youtube:AwO0KHZOOlc,central,lexicon,medium,2
"Thách mọi người dịch đâu này : răng mà buồn rứa. mi bị răng rứa. răng mi Đi đâu, tao Đi ca tê.",youtube:AwO0KHZOOlc,central,lexicon,medium,6
"4:51 dể tui nói cho rồi mấy dịch nha "" trời ơi mi đi mô rứa răng mi đi mô mà ko nói tao trời t chuẩn bị đi #@@%& ""nhanh quá dịch ko kịp :) Ng miền trung dịch ko ra nx huống chi ng bắc , nam",youtube:AwO0KHZOOlc,central,lexicon,medium,4
"Tui taem miền Nam như tui học tiếng nghệ An hây Chào mọi người, răng hôm nay bn xinh rứa hây= sao hôm nay bn xinh vậy, Ê! Mi đang mần chi rứa? À, tau đag ăn cơm Mô? Đây Mi mần cái này cái này mà không xong thì đời mi truột luôn /\,,,,/\ (◍⁠•⁠ᴗ⁠•⁠◍) =❤=",youtube:AwO0KHZOOlc,central,lexicon,medium,6
Răng mà kì giọng miền Trung hắn két rứa hè😂,youtube:AwO0KHZOOlc,central,lexicon,medium,3
"Lòng ta mang giấc mơ trần gian Mà về phương Nam xuống ghe kéo cò Chốn thiên thai lòng ai không nỡ Vác lên vai chí trai ngoan cường Giấc mộng trời Tây Đi theo tao về đây mày cần gì chờ Trên con xe thiệt sang tay đang cầm cờ bay Trai hiên ngang vì tao đang sống ở bờ tây Dân Sóc Trăng Cần Thơ Nhắc tới Cần Thơ người ta hay nói Có bến Ninh Kiều gạo trắng nước trong Người Cần Thơ tay chèo tay chống Đưa xuồng rẻ sóng mà đi ngược dòng Bản chất Miền Tây hiền lành chất phác Nhưng mà không luồn cúi cứ sống hiên ngang Trải qua bao thăng trầm mất mát Nhưng giờ đây có khác gì chốn thiên đàng Nhấp ly rượu ngồi trên du thuyền Nghe điệu dạ cổ hoài lang Ngắm thành phố đang lên đèn Tình tình tích tịch tình tang Nếu mày thích thì cứ chi tiền Chơi kiểu mấy ông chủ Đài Loan Đợi, tối thêm chút ,thì lên sàn Có thiếu gì kiểu xài sang Dân Miền Tây à bước vào Club Là chất cứ như là Tây tay đeo vàng cây à Kiếm tiền lớn hàng tháng nó theo đường dây Dân chơi về đây à có tiền giấy thì muốn gì có liền nấy Không tin thì bây giờ book một shot hạng nhất Tô Châu liền tay Chiều Tây Đô , lượn một vòng thành phố Nhìn ngắm phố phường, đang rộn rã xô bồ Bật radio lên, mà dò tần số Nghe bài nhạc rap, ây dô ây dô Từ cầu Quang Trung đi qua đường Trần Phú Tìm trên danh sách vài quán Local Tập hợp anh em gần xa lại đông đủ Đêm nay ta không ngủ 1 2 3 Dzô Tui thích được cưỡi sóng Trên chợ nổi y như bo bo Rồi cập dô bến Ninh Kiều Ngồi ăn bún xào mà không âu lo Ở đây có bưởi nóng Hay bưởi lạnh cũng đều to to Anh thích loại bưởi nào Thì tui nhường hết cần gì so đo Xưa qua phà Hậu Giang Nay có cầu Cống bắt dòng Đồng Giang Về Cần Thơ đất chật người đông Còn giai nhân với mỹ nữ Thì lắm người mà hồng nhan Bao năm qua ta sống ở trên cõi đời này Ta không ngó đến chuyện trần gian Ta mang chân đất đi kiếm chân thành Ta mong chân lý mỗi ngày tràn dâng Vì ta đây là con của đất Rồng Trời cao ta bao lần mơ Và nếu hỏi ta đến từ phương nào Tao là dân Cần Thơ Tao đón mày đường hàng không Mấy thằng ngông trên sông hàng hải Chuyển anh em từ phía bờ đông Cập bến là mông công xếp hàng đãi Nói chứ chơi thì không bằng ai Nhưng mà vùng này ít ai bằng tao Còn tiền phải đếm bằng máy Hồng ngọc trên bàn lại tưởng đồng thau Ninh Kiều phố Đầu đêm Có mấy thanh niên mặc vest màu đen Đúng thời danh tiếng có giàu thêm Sống Bảnh đến tây phải tới chào khen Dân chơi khá là chi Mà giữ đầu lạnh để kiếm đường chen Xã hội tây kì mày thấy là nguy Còn tao xem đây lá chiến trường quen Đấy cái chất Miền Tây nhà lầu tới xe hơi Nơi rồng chín con kết nối đường dây Ngày rồi tới ban đêm Muôn màu thích chơi cái thứ gì đây Hồng trà phố bia thơm Lên đèn búng tay là có được ngay Mời mày tới khu tao là mày chết mê Tay kim cương sáng mày hiếu kì Tóc tai tém hiền khô Nhưng mà trong túi Một cọc nó thiếu gì Móm mém xì gà khô Thứ sáu xuất hiện trong beauty Night bo mấy ngàn đô Lên xông hơi rồi nhìn Bikini Ăn hủ tíu mì khô",youtube:2DEepBboNQo,southern,lexicon,medium,2
Chợ đêm Cần Thơ bây giờ vui quá trời vui gòy❤️ Cả nhà thấy video hôm nay thế nào nè? Comment cho Quan biết với nhaa Chúc cả nhà xem video vui vẻ❤,youtube:RI0n1DEB9Wo,southern,lexicon,medium,2
"Tui đang soạn giáo án. để clip của Quan tự nhảy, mà tới clip nào tui mê clip đó. thằng ku Thiện đúng dễ thương luôn, đúng là điểm nhấn cho cái clip này luôn.",youtube:RI0n1DEB9Wo,southern,lexicon,medium,2
Ê thằng thiện lớp tui nè,youtube:RI0n1DEB9Wo,southern,lexicon,medium,2
Thần tượng tui hát về quê hương tui.. good,youtube:VMkYlXLIanM,southern,lexicon,medium,2
Nam mô a Di Đà Phật nam mô a Di Đà Phật nam mô a Di Đà Phật nam mô a Di Đà Phật nam mô a Di Đà Phật nam mô a Di Đà Phật nam mô a Di Đà Phật ❤❤❤❤❤❤ like,youtube:n2pDh1jI5J8,central,lexicon,medium,7
Tui dân bến tre nè,youtube:oTKhSnxrURE,southern,lexicon,medium,2
Trên tui cx vậy Tui cũng ơ bến tre nek,youtube:oTKhSnxrURE,southern,lexicon,medium,2
"dễ thương, tui đang luật hấp dẫn để được lên kênh Thầy quay cùng Thầy ó nhang, tui tiếng Đa Lộc nè hâhhahahhaha😂😂😂😂",youtube:oTKhSnxrURE,southern,lexicon,medium,3
tui ở bến tre còn hổng biết cái đó là cái gì,youtube:oTKhSnxrURE,southern,lexicon,medium,2
Tui miền Tây Bến tre nè,youtube:oTKhSnxrURE,southern,lexicon,medium,2
Có ai ở Bến Tre ko tui ở Bến Tre nè🎉,youtube:oTKhSnxrURE,southern,lexicon,medium,2
Cam on em nhiẻu chuc em hôn nhiên yẻu đoi cuoi tupi nhu hoa hông chuc mung 🎉❤🎉❤🎉,youtube:61Idr5J42gU,southern,lexicon,medium,2
